{"offline_id": "7155f9236cbb49b5ab4d25322767159f", "project_name": "yolov5", "start_time": 1707469606076, "stop_time": 1707469617576, "tags": [], "workspace": null, "resume_strategy": "create", "customer_error_reported": true, "customer_error_message": "Unexpected error detected in the user script: AssertionError('\\x1b[34m\\x1b[1mtrain: \\x1b[0mNo labels found in D:\\\\Github proj\\\\MachineLearning\\\\ML\\\\Neuro-webs_competition\\\\road_holes\\\\proj\\\\data\\\\dataset\\\\train\\\\labels.cache, can not start training. See https://docs.ultralytics.com/yolov5/tutorials/train_custom_data')"}