{"offline_id": "88ad3778e7614c8d8e649e6582ca508e", "project_name": "yolov5", "start_time": 1707932862002, "stop_time": 1707932886344, "tags": [], "workspace": null, "resume_strategy": "create", "customer_error_reported": true, "customer_error_message": "Unexpected error detected in the user script: RuntimeError('CUDA error: an illegal memory access was encountered\\nCUDA kernel errors might be asynchronously reported at some other API call, so the stacktrace below might be incorrect.\\nFor debugging consider passing CUDA_LAUNCH_BLOCKING=1.\\nCompile with `TORCH_USE_CUDA_DSA` to enable device-side assertions.\\n')"}